{"1477766-080329430-2": {u"node": u"10.13.4.215-9790", u"selection": u"2", u"uid": u"1477766", "tids": [35247815], u"matchid": u"080329430", u"odds": u"3.85", u"awayid": u"1020258", u"golds": 100, u"tid": 35247815, u"expect": u"0803294", u"homeid": u"1020214", u"roomid": u"10.13.4.215-9790-1487143943.548030", u"stage": u"3"}, "1189568-080329430-2": {u"node": u"10.13.4.215-9790", u"selection": u"2", u"uid": u"1189568", "tids": [35247771], u"matchid": u"080329430", u"odds": u"3.85", u"awayid": u"1020258", u"golds": 100, u"tid": 35247771, u"expect": u"0803294", u"homeid": u"1020214", u"roomid": u"10.13.4.215-9790-1490276804.156242", u"stage": u"3"}, "1477766-080329430-1": {u"node": u"10.13.4.215-9790", u"selection": u"1", u"uid": u"1477766", "tids": [35247793, 35247788, 35247766], u"matchid": u"080329430", u"odds": u"1.17", u"awayid": u"1020258", u"golds": 300, u"tid": 35247766, u"expect": u"0803294", u"homeid": u"1020214", u"roomid": u"10.13.4.215-9790-1487143943.548030", u"stage": u"3"}, "1464561-080329430-2": {u"node": u"10.13.4.215-9790", u"selection": u"2", u"uid": u"1464561", "tids": [35247762], u"matchid": u"080329430", u"odds": u"3.85", u"awayid": u"1020258", u"golds": 100, u"tid": 35247762, u"expect": u"0803294", u"homeid": u"1020214", u"roomid": u"10.13.4.215-9790-1492681950.077316", u"stage": u"3"}, "1250288-080329430-1": {u"node": u"10.13.4.215-9790", u"selection": u"1", u"uid": u"1250288", "tids": [35247838, 35247837, 35247805, 35247804, 35247802, 35247800, 35247799, 35247797], u"matchid": u"080329430", u"odds": u"1.17", u"awayid": u"1020258", u"golds": 800, u"tid": 35247797, u"expect": u"0803294", u"homeid": u"1020214", u"roomid": u"10.13.4.215-9790-1494927281.985876", u"stage": u"3"}, "1477768-080329430-1": {u"node": u"10.13.4.215-9790", u"selection": u"1", u"uid": u"1477768", "tids": [35247792, 35247791, 35247789, 35247786, 35247783, 35247780, 35247778, 35247777, 35247774, 35247772, 35247769], u"matchid": u"080329430", u"odds": u"1.17", u"awayid": u"1020258", u"golds": 1100, u"tid": 35247769, u"expect": u"0803294", u"homeid": u"1020214", u"roomid": u"10.13.4.215-9790-1487143943.548030", u"stage": u"3"}, "1474387-080329430-2": {u"node": u"10.13.4.215-9790", u"selection": u"2", u"uid": u"1474387", "tids": [35247795, 35247781], u"matchid": u"080329430", u"odds": u"3.85", u"awayid": u"1020258", u"golds": 200, u"tid": 35247781, u"expect": u"0803294", u"homeid": u"1020214", u"roomid": u"10.13.4.215-9790-1487174726.750832", u"stage": u"3"}, "1114040-080329430-2": {u"node": u"10.13.4.215-9790", u"selection": u"2", u"uid": u"1114040", "tids": [35247787, 35247770, 35247768], u"matchid": u"080329430", u"odds": u"3.85", u"awayid": u"1020258", u"golds": 3000, u"tid": 35247768, u"expect": u"0803294", u"homeid": u"1020214", u"roomid": u"10.13.4.215-9790-1487174726.750832", u"stage": u"3"}, "1477773-080329430-1": {u"node": u"10.13.4.215-9790", u"selection": u"1", u"uid": u"1477773", "tids": [35247842], u"matchid": u"080329430", u"odds": u"1.17", u"awayid": u"1020258", u"golds": 100, u"tid": 35247842, u"expect": u"0803294", u"homeid": u"1020214", u"roomid": u"10.13.4.215-9790-1494927281.985876", u"stage": u"3"}, "1477773-080329430-2": {u"node": u"10.13.4.215-9790", u"selection": u"2", u"uid": u"1477773", "tids": [35247828, 35247825, 35247820, 35247813], u"matchid": u"080329430", u"odds": u"3.85", u"awayid": u"1020258", u"golds": 400, u"tid": 35247813, u"expect": u"0803294", u"homeid": u"1020214", u"roomid": u"10.13.4.215-9790-1494927281.985876", u"stage": u"3"}, "1438708-080329430-2": {u"node": u"10.13.4.215-9790", u"selection": u"2", u"uid": u"1438708", "tids": [35247784, 35247782, 35247760], u"matchid": u"080329430", u"odds": u"3.85", u"awayid": u"1020258", u"golds": 700, u"tid": 35247760, u"expect": u"0803294", u"homeid": u"1020214", u"roomid": u"10.13.4.215-9790-1487143943.548030", u"stage": u"3"}, "1255674-080329430-2": {u"node": u"10.13.4.215-9790", u"selection": u"2", u"uid": u"1255674", "tids": [35247829, 35247823, 35247821, 35247819, 35247818, 35247817, 35247816, 35247811], u"matchid": u"080329430", u"odds": u"3.85", u"awayid": u"1020258", u"golds": 16500, u"tid": 35247811, u"expect": u"0803294", u"homeid": u"1020214", u"roomid": u"10.13.4.215-9790-1487144240.865376", u"stage": u"3"}, "1228406-080329430-2": {u"node": u"10.13.4.215-9790", u"selection": u"2", u"uid": u"1228406", "tids": [35247785, 35247773, 35247767], u"matchid": u"080329430", u"odds": u"3.85", u"awayid": u"1020258", u"golds": 300, u"tid": 35247767, u"expect": u"0803294", u"homeid": u"1020214", u"roomid": u"10.13.4.215-9790-1494927281.985876", u"stage": u"3"}, "1116713-080329430-2": {u"node": u"10.13.4.215-9790", u"selection": u"2", u"uid": u"1116713", "tids": [35247834, 35247831], u"matchid": u"080329430", u"odds": u"3.85", u"awayid": u"1020258", u"golds": 20000, u"tid": 35247831, u"expect": u"0803294", u"homeid": u"1020214", u"roomid": u"10.13.4.215-9790-1487174726.750832", u"stage": u"3"}, "1448270-080329430-2": {u"node": u"10.13.4.215-9790", u"selection": u"2", u"uid": u"1448270", "tids": [35247761], u"matchid": u"080329430", u"odds": u"3.85", u"awayid": u"1020258", u"golds": 500, u"tid": 35247761, u"expect": u"0803294", u"homeid": u"1020214", u"roomid": u"10.13.4.215-9790-1487144240.865376", u"stage": u"3"}, "1445393-080329430-2": {u"node": u"10.13.4.215-9790", u"selection": u"2", u"uid": u"1445393", "tids": [35247765, 35247764, 35247763], u"matchid": u"080329430", u"odds": u"3.85", u"awayid": u"1020258", u"golds": 300, u"tid": 35247763, u"expect": u"0803294", u"homeid": u"1020214", u"roomid": u"10.13.4.215-9790-1487144240.865376", u"stage": u"3"}, "1475348-080329430-1": {u"node": u"10.13.4.215-9790", u"selection": u"1", u"uid": u"1475348", "tids": [35247812, 35247810, 35247809, 35247808, 35247807, 35247806, 35247803], u"matchid": u"080329430", u"odds": u"1.17", u"awayid": u"1020258", u"golds": 700, u"tid": 35247803, u"expect": u"0803294", u"homeid": u"1020214", u"roomid": u"10.13.4.215-9790-1494412535.551277", u"stage": u"3"}, "1206569-080329430-2": {u"node": u"10.13.4.215-9790", u"selection": u"2", u"uid": u"1206569", "tids": [35247776, 35247775], u"matchid": u"080329430", u"odds": u"3.85", u"awayid": u"1020258", u"golds": 2000, u"tid": 35247775, u"expect": u"0803294", u"homeid": u"1020214", u"roomid": u"10.13.4.215-9790-1494927281.985876", u"stage": u"3"}, "1477767-080329430-2": {u"node": u"10.13.4.215-9790", u"selection": u"2", u"uid": u"1477767", "tids": [35247830, 35247827, 35247824], u"matchid": u"080329430", u"odds": u"3.85", u"awayid": u"1020258", u"golds": 300, u"tid": 35247824, u"expect": u"0803294", u"homeid": u"1020214", u"roomid": u"10.13.4.215-9790-1487144240.865376", u"stage": u"3"}, "1477767-080329430-1": {u"node": u"10.13.4.215-9790", u"selection": u"1", u"uid": u"1477767", "tids": [35247798, 35247796, 35247794], u"matchid": u"080329430", u"odds": u"1.17", u"awayid": u"1020258", u"golds": 300, u"tid": 35247794, u"expect": u"0803294", u"homeid": u"1020214", u"roomid": u"10.13.4.215-9790-1487144240.865376", u"stage": u"3"}}

